Column,Mean,Median,Skewness
id,10150.5,10150.5,0.0
price,258.8949999999999,89.99,2.973354009884238
quantity,1.33,1.0,5.9336188122166025
rating,4.5,4.5,0.0
sales,271.3316999999999,89.99,3.186638569895495
