column,mean
id,10150.5
price,258.8949999999999
quantity,1.33
rating,4.5
sales,271.3316999999999
